{"mean": 8.02406370911827, "std": 2.821547731364373}