{"mean": 1.4237596176521785e-08, "std": 1.0000010734385678}